<?xml version="1.0" encoding="UTF-8"?> 
<java version="1.6.0_15" class="java.beans.XMLDecoder"> 
 <object class="arm.RoboterPositions"> 
  <void method="add"> 
   <object class="arm.RoboterPosition"> 
    <void property="LOberarmPos"> 
     <float>47.0</float> 
    </void> 
    <void property="ROberarmPos"> 
     <float>45.0</float> 
    </void> 
   </object> 
  </void> 
  <void method="add"> 
   <object class="arm.RoboterPosition"/> 
  </void> 
  <void method="add"> 
   <object class="arm.RoboterPosition"> 
    <void property="LHueftePos"> 
     <float>-45.0</float> 
    </void> 
    <void property="LOberarmPos"> 
     <float>10.0</float> 
    </void> 
    <void property="RHueftePos"> 
     <float>45.0</float> 
    </void> 
    <void property="ROberarmPos"> 
     <float>60.0</float> 
    </void> 
   </object> 
  </void> 
  <void method="add"> 
   <object class="arm.RoboterPosition"/> 
  </void> 
  <void method="add"> 
   <object class="arm.RoboterPosition"> 
    <void property="LOberschenkelPos"> 
     <float>-50.0</float> 
    </void> 
    <void property="LUnterarmPos"> 
     <float>50.0</float> 
    </void> 
    <void property="ROberschenkelPos"> 
     <float>-50.0</float> 
    </void> 
    <void property="RUnterarmPos"> 
     <float>50.0</float> 
    </void> 
   </object> 
  </void> 
  <void method="add"> 
   <object class="arm.RoboterPosition"/> 
  </void> 
  <void method="add"> 
   <object class="arm.RoboterPosition"> 
    <void property="LFussPos"> 
     <float>20.0</float> 
    </void> 
    <void property="LUnterschenkelPos"> 
     <float>-77.0</float> 
    </void> 
    <void property="RFussPos"> 
     <float>20.0</float> 
    </void> 
    <void property="RUnterschenkelPos"> 
     <float>-77.0</float> 
    </void> 
    <void property="kopfPos"> 
     <float>20.0</float> 
    </void> 
   </object> 
  </void> 
  <void method="add"> 
   <object class="arm.RoboterPosition"/> 
  </void> 
  <void method="add"> 
   <object class="arm.RoboterPosition"> 
    <void property="LFussPos"> 
     <float>20.0</float> 
    </void> 
    <void property="LOberarmPos"> 
     <float>120.0</float> 
    </void> 
    <void property="LUnterschenkelPos"> 
     <float>75.0</float> 
    </void> 
    <void property="RFussPos"> 
     <float>-20.0</float> 
    </void> 
    <void property="ROberarmPos"> 
     <float>120.0</float> 
    </void> 
    <void property="RUnterschenkelPos"> 
     <float>-75.0</float> 
    </void> 
    <void property="kopfPos"> 
     <float>20.0</float> 
    </void> 
   </object> 
  </void> 
  <void method="add"> 
   <object class="arm.RoboterPosition"/> 
  </void> 
 </object> 
</java> 
