<?xml version="1.0" encoding="UTF-8"?> 
<java version="1.6.0_17" class="java.beans.XMLDecoder"> 
 <object class="arm.RoboterPositions"> 
  <void method="add"> 
   <object class="arm.RoboterPosition"> 
    <void property="LOberarmPos"> 
     <float>70.0</float> 
    </void> 
    <void property="ROberarmPos"> 
     <float>70.0</float> 
    </void> 
    <void property="kopfPos"> 
     <float>45.0</float> 
    </void> 
   </object> 
  </void> 
  <void method="add"> 
   <object class="arm.RoboterPosition"> 
    <void property="LHueftePos"> 
     <float>-45.0</float> 
    </void> 
    <void property="RHueftePos"> 
     <float>45.0</float> 
    </void> 
   </object> 
  </void> 
  <void method="add"> 
   <object class="arm.RoboterPosition"> 
    <void property="LFussServoPos"> 
     <float>30.0</float> 
    </void> 
    <void property="LOberarmPos"> 
     <float>45.0</float> 
    </void> 
    <void property="LOberschenkelPos"> 
     <float>-30.0</float> 
    </void> 
    <void property="LUnterarmPos"> 
     <float>50.0</float> 
    </void> 
    <void property="RFussServoPos"> 
     <float>-30.0</float> 
    </void> 
    <void property="ROberarmPos"> 
     <float>45.0</float> 
    </void> 
    <void property="ROberschenkelPos"> 
     <float>30.0</float> 
    </void> 
    <void property="RUnterarmPos"> 
     <float>50.0</float> 
    </void> 
   </object> 
  </void> 
  <void method="add"> 
   <object class="arm.RoboterPosition"/> 
  </void> 
  <void method="add"> 
   <object class="arm.RoboterPosition"> 
    <void property="LFussServoPos"> 
     <float>-30.0</float> 
    </void> 
    <void property="LOberschenkelPos"> 
     <float>30.0</float> 
    </void> 
    <void property="RFussServoPos"> 
     <float>30.0</float> 
    </void> 
    <void property="ROberschenkelPos"> 
     <float>-30.0</float> 
    </void> 
    <void property="kopfPos"> 
     <float>20.0</float> 
    </void> 
   </object> 
  </void> 
  <void method="add"> 
   <object class="arm.RoboterPosition"> 
    <void property="LOberarmPos"> 
     <float>90.0</float> 
    </void> 
    <void property="ROberarmPos"> 
     <float>90.0</float> 
    </void> 
   </object> 
  </void> 
 </object> 
</java> 
