<?xml version="1.0" encoding="UTF-8"?>
<nifty-controls>
  <useControls filename="nifty-controls/nifty-button.xml" />
  <useControls filename="nifty-controls/nifty-checkbox.xml" />
  <useControls filename="nifty-controls/nifty-console.xml" />
  <useControls filename="nifty-controls/nifty-drop-down.xml" />
  <useControls filename="nifty-controls/nifty-image-select.xml" />
  <useControls filename="nifty-controls/nifty-textfield.xml" />
  <useControls filename="nifty-controls/nifty-scrollbar-control.xml" />
  <useControls filename="nifty-controls/nifty-scrollpanel.xml" />
  <useControls filename="nifty-controls/nifty-listbox.xml" />
</nifty-controls>
